{"vibeace": {"path": "Kevin_MacLeod_-_Vibe_Ace", "desc": "Kevin MacLeod - Vibe Ace"}, "choice": {"path": "admiralbob77_-_Choice_-_Drum-bass", "desc": "Admiral Bob - Choice (drum+bass)"}, "nutcracker": {"path": "Kevin_MacLeod_-_P_I_Tchaikovsky_Dance_of_the_Sugar_Plum_Fairy", "desc": "Tchaikovsky - Dance of the Sugar Plum Fairy"}, "brahms": {"path": "Hungarian_Dance_number_5_-_Allegro_in_F_sharp_minor_(string_orchestra)", "desc": "Brahms - Hungarian Dance #5"}, "trumpet": {"path": "sorohanro_-_solo-trumpet-06", "desc": "Mihai Sorohan - Trumpet loop"}, "fishin": {"path": "Karissa_Hobbs_-_Lets_Go_Fishin", "desc": "Karissa Hobbs - Let's Go Fishin'"}, "sweetwaltz": {"path": "147793__setuniman__sweet-waltz-0i-22mi", "desc": "Setuniman - Sweet Waltz"}, "humpback": {"path": "glacier-bay-humpback", "desc": "Glacier Bay 60-second clip humpback whale song November 2020"}, "libri1": {"path": "5703-47212-0000", "desc": "Ashiel Mystery - A Detective Story, chapter 2, narrated by Garth Comira"}, "libri2": {"path": "3436-172162-0000", "desc": "The Age of Chivalry / Chapter 18: Perceval / Read by Anders Lankford"}, "pistachio": {"path": "442789__lena-orsa__happy-music-pistachio-ice-cream-ragtime", "desc": "The Piano Lady - Pistachio Ice Cream Ragtime"}, "robin": {"path": "456440__inspectorj__bird-whistling-robin-single-13", "desc": "Bird Whistling, Robin, Single, 13.wav / InspectorJ"}, "libri3": {"path": "198-209-0000", "desc": "Sense and Sensibility / Chapter 18 / Jane Austen / Read by Heather Barnett"}, "pibble": {"path": "pibble", "desc": "Who's a good girl?"}}
